,IDSV,IDMON,DIEM
0,0.0,0.0,3.0
1,0.0,3.0,3.0
2,0.0,4.0,4.0
3,0.0,5.0,2.5
4,0.0,7.0,3.0
5,0.0,8.0,3.0
6,0.0,9.0,3.0
7,0.0,10.0,2.5
8,0.0,12.0,2.5
9,0.0,13.0,2.5
10,0.0,15.0,3.4
11,0.0,18.0,3.0
12,0.0,19.0,4.0
13,0.0,20.0,3.75
14,0.0,21.0,3.25
15,0.0,22.0,3.75
16,0.0,23.0,3.55
17,0.0,24.0,3.55
18,0.0,25.0,3.3
19,0.0,26.0,3.2
20,0.0,27.0,3.9
21,0.0,28.0,3.25
22,0.0,29.0,2.9
23,0.0,30.0,3.4
24,0.0,31.0,3.15
25,0.0,32.0,4.2
26,0.0,33.0,3.5
27,0.0,34.0,3.25
28,0.0,35.0,2.65
29,0.0,36.0,2.9
30,0.0,37.0,2.85
31,0.0,38.0,2.6
32,0.0,39.0,3.75
33,0.0,40.0,3.8
34,0.0,41.0,3.6
35,1.0,0.0,5.0
36,1.0,1.0,3.5
37,1.0,2.0,3.5
38,1.0,3.0,3.0
39,1.0,4.0,3.5
40,1.0,5.0,3.0
41,1.0,6.0,3.0
42,1.0,7.0,3.25
43,1.0,8.0,4.5
44,1.0,9.0,4.0
45,1.0,10.0,3.0
46,1.0,11.0,2.5
47,1.0,12.0,5.0
48,1.0,13.0,3.0
49,1.0,14.0,3.5
50,1.0,15.0,4.25
51,1.0,17.0,3.75
52,1.0,18.0,3.15
53,1.0,19.0,4.0
54,1.0,20.0,3.4
55,1.0,21.0,3.25
56,1.0,22.0,3.75
57,1.0,23.0,3.9
58,1.0,24.0,3.65
59,1.0,25.0,3.55
60,1.0,26.0,3.9
61,1.0,27.0,3.75
62,1.0,28.0,3.0
63,1.0,29.0,3.25
64,1.0,30.0,3.85
65,1.0,31.0,3.0
66,1.0,32.0,3.45
67,1.0,33.0,4.0
68,1.0,34.0,2.85
69,1.0,35.0,2.95
70,1.0,36.0,3.0
71,1.0,37.0,3.35
72,1.0,38.0,3.55
73,1.0,39.0,3.65
74,1.0,40.0,3.65
75,1.0,41.0,3.15
76,2.0,0.0,3.0
77,2.0,1.0,3.5
78,2.0,2.0,4.0
79,2.0,3.0,3.5
80,2.0,4.0,2.5
81,2.0,6.0,3.45
82,2.0,7.0,2.55
83,2.0,8.0,3.5
84,2.0,9.0,4.0
85,2.0,10.0,2.5
86,2.0,11.0,2.5
87,2.0,12.0,4.0
88,2.0,13.0,3.5
89,2.0,14.0,3.5
90,2.0,15.0,3.65
91,2.0,17.0,3.65
92,2.0,18.0,3.0
93,2.0,19.0,3.25
94,2.0,20.0,2.75
95,2.0,21.0,3.0
96,2.0,22.0,3.4
97,2.0,23.0,2.95
98,2.0,24.0,3.45
99,2.0,25.0,3.8
100,2.0,26.0,3.3
101,2.0,27.0,3.65
102,2.0,28.0,3.75
103,2.0,29.0,3.15
104,2.0,30.0,2.5
105,2.0,31.0,3.0
106,2.0,32.0,4.2
107,2.0,33.0,3.15
108,2.0,34.0,2.65
109,2.0,35.0,2.7
110,2.0,36.0,3.5
111,2.0,37.0,3.4
112,2.0,38.0,2.8
113,2.0,39.0,4.25
114,2.0,40.0,3.65
115,2.0,41.0,3.2
116,3.0,0.0,4.0
117,3.0,1.0,3.0
118,3.0,2.0,4.0
119,3.0,3.0,3.5
120,3.0,4.0,3.5
121,3.0,5.0,3.5
122,3.0,6.0,3.0
123,3.0,7.0,3.0
124,3.0,8.0,4.0
125,3.0,9.0,4.0
126,3.0,10.0,3.0
127,3.0,11.0,3.0
128,3.0,12.0,4.5
129,3.0,13.0,3.0
130,3.0,14.0,3.5
131,3.0,15.0,3.75
132,3.0,17.0,3.75
133,3.0,18.0,2.9
134,3.0,19.0,3.25
135,3.0,20.0,3.0
136,3.0,21.0,3.0
137,3.0,22.0,3.15
138,3.0,23.0,3.15
139,3.0,24.0,3.3
140,3.0,25.0,3.9
141,3.0,26.0,3.65
142,3.0,27.0,4.25
143,3.0,28.0,4.4
144,3.0,29.0,3.15
145,3.0,30.0,3.45
146,3.0,31.0,3.5
147,3.0,32.0,4.2
148,3.0,33.0,3.15
149,3.0,34.0,3.1
150,3.0,35.0,3.0
151,3.0,36.0,3.15
152,3.0,37.0,3.35
153,3.0,38.0,3.25
154,3.0,39.0,3.7
155,3.0,40.0,3.85
156,3.0,41.0,3.45
157,4.0,0.0,4.0
158,4.0,1.0,3.0
159,4.0,2.0,4.5
160,4.0,3.0,3.5
161,4.0,4.0,3.5
162,4.0,5.0,4.0
163,4.0,6.0,3.0
164,4.0,7.0,3.5
165,4.0,8.0,3.5
166,4.0,9.0,3.5
167,4.0,10.0,3.5
168,4.0,11.0,3.0
169,4.0,12.0,4.5
170,4.0,13.0,3.5
171,4.0,14.0,3.0
172,4.0,15.0,4.15
173,4.0,17.0,4.4
174,4.0,18.0,3.9
175,4.0,19.0,3.5
176,4.0,20.0,3.15
177,4.0,21.0,3.0
178,4.0,22.0,4.4
179,4.0,23.0,3.3
180,4.0,24.0,3.2
181,4.0,25.0,3.95
182,4.0,26.0,3.2
183,4.0,27.0,4.15
184,4.0,28.0,4.25
185,4.0,29.0,3.65
186,4.0,30.0,3.5
187,4.0,31.0,3.5
188,4.0,32.0,4.2
189,4.0,33.0,3.65
190,4.0,34.0,2.65
191,4.0,35.0,3.05
192,4.0,36.0,3.7
193,4.0,37.0,3.5
194,4.0,38.0,4.05
195,4.0,39.0,4.55
196,4.0,40.0,4.0
197,4.0,41.0,2.95
198,5.0,0.0,3.5
199,5.0,1.0,3.0
200,5.0,2.0,3.0
201,5.0,3.0,3.5
202,5.0,4.0,3.0
203,5.0,5.0,3.0
204,5.0,6.0,3.15
205,5.0,7.0,2.95
206,5.0,8.0,3.5
207,5.0,9.0,3.5
208,5.0,10.0,3.5
209,5.0,11.0,3.5
210,5.0,12.0,4.0
211,5.0,13.0,2.5
212,5.0,14.0,3.0
213,5.0,15.0,3.4
214,5.0,17.0,4.5
215,5.0,18.0,2.75
216,5.0,19.0,3.25
217,5.0,20.0,2.65
218,5.0,21.0,3.75
219,5.0,22.0,2.8
220,5.0,23.0,2.55
221,5.0,24.0,2.9
222,5.0,25.0,2.7
223,5.0,26.0,2.55
224,5.0,27.0,3.25
225,5.0,28.0,2.65
226,5.0,29.0,3.5
227,5.0,31.0,2.65
228,5.0,32.0,3.7
229,5.0,33.0,3.65
230,5.0,34.0,2.55
231,5.0,35.0,2.5
232,5.0,36.0,3.0
233,5.0,37.0,3.0
234,5.0,38.0,2.55
235,5.0,39.0,4.1
236,5.0,40.0,3.7
237,5.0,41.0,2.85
238,6.0,0.0,4.0
239,6.0,1.0,2.5
240,6.0,2.0,3.5
241,6.0,3.0,3.0
242,6.0,4.0,3.5
243,6.0,5.0,5.0
244,6.0,6.0,2.5
245,6.0,7.0,3.65
246,6.0,8.0,4.0
247,6.0,9.0,3.5
248,6.0,10.0,3.5
249,6.0,11.0,3.0
250,6.0,12.0,5.0
251,6.0,13.0,3.0
252,6.0,14.0,2.5
253,6.0,15.0,4.15
254,6.0,17.0,4.4
255,6.0,18.0,4.5
256,6.0,19.0,4.25
257,6.0,20.0,3.75
258,6.0,21.0,3.4
259,6.0,22.0,3.9
260,6.0,23.0,3.55
261,6.0,24.0,3.5
262,6.0,25.0,4.9
263,6.0,26.0,4.2
264,6.0,27.0,4.5
265,6.0,28.0,5.0
266,6.0,29.0,3.75
267,6.0,30.0,2.8
268,6.0,31.0,4.5
269,6.0,32.0,4.65
270,6.0,33.0,3.15
271,6.0,34.0,3.95
272,6.0,35.0,3.3
273,6.0,36.0,3.15
274,6.0,37.0,3.5
275,6.0,38.0,5.0
276,6.0,39.0,4.65
277,6.0,40.0,4.2
278,6.0,41.0,3.3
279,7.0,0.0,4.5
280,7.0,1.0,4.0
281,7.0,2.0,4.5
282,7.0,3.0,3.5
283,7.0,4.0,3.5
284,7.0,5.0,2.5
285,7.0,6.0,2.45
286,7.0,7.0,2.65
287,7.0,8.0,4.0
288,7.0,9.0,3.5
289,7.0,10.0,3.0
290,7.0,11.0,4.0
291,7.0,12.0,4.0
292,7.0,13.0,3.0
293,7.0,14.0,4.1
294,7.0,15.0,3.5
295,7.0,17.0,3.0
296,7.0,18.0,2.75
297,7.0,19.0,3.75
298,7.0,20.0,2.5
299,7.0,21.0,3.0
300,7.0,22.0,4.0
301,7.0,23.0,3.2
302,7.0,24.0,3.7
303,7.0,25.0,4.3
304,7.0,26.0,2.5
305,7.0,27.0,3.75
306,7.0,28.0,3.0
307,7.0,29.0,2.65
308,7.0,30.0,3.85
309,7.0,31.0,2.65
310,7.0,32.0,3.6
311,7.0,33.0,3.5
312,7.0,34.0,2.55
313,7.0,35.0,3.5
314,7.0,36.0,3.4
315,7.0,37.0,4.5
316,7.0,38.0,2.55
317,7.0,39.0,3.2
318,7.0,40.0,3.6
319,7.0,41.0,3.8
320,8.0,0.0,4.0
321,8.0,1.0,3.5
322,8.0,2.0,4.0
323,8.0,3.0,3.0
324,8.0,4.0,3.0
325,8.0,5.0,2.5
326,8.0,6.0,3.0
327,8.0,7.0,3.5
328,8.0,8.0,4.5
329,8.0,9.0,4.0
330,8.0,10.0,3.0
331,8.0,11.0,3.5
332,8.0,12.0,5.0
333,8.0,13.0,3.5
334,8.0,14.0,3.5
335,8.0,15.0,4.15
336,8.0,17.0,3.5
337,8.0,18.0,3.0
338,8.0,19.0,3.0
339,8.0,20.0,3.0
340,8.0,21.0,3.4
341,8.0,22.0,3.25
342,8.0,23.0,3.2
343,8.0,24.0,4.0
344,8.0,25.0,3.8
345,8.0,26.0,3.5
346,8.0,27.0,3.9
347,8.0,28.0,3.9
348,8.0,29.0,3.15
349,8.0,30.0,3.5
350,8.0,31.0,3.0
351,8.0,32.0,4.2
352,8.0,33.0,2.65
353,8.0,34.0,3.2
354,8.0,35.0,3.85
355,8.0,36.0,2.8
356,8.0,37.0,3.4
357,8.0,38.0,4.0
358,8.0,39.0,4.1
359,8.0,40.0,4.05
360,8.0,41.0,2.65
361,9.0,0.0,4.0
362,9.0,1.0,3.0
363,9.0,2.0,3.5
364,9.0,3.0,3.5
365,9.0,4.0,3.5
366,9.0,5.0,3.5
367,9.0,6.0,2.5
368,9.0,7.0,3.0
369,9.0,8.0,4.0
370,9.0,9.0,3.5
371,9.0,10.0,3.5
372,9.0,11.0,3.5
373,9.0,12.0,4.5
374,9.0,13.0,3.0
375,9.0,14.0,4.0
376,9.0,15.0,3.9
377,9.0,17.0,3.9
378,9.0,18.0,3.0
379,9.0,19.0,3.0
380,9.0,20.0,2.5
381,9.0,21.0,3.0
382,9.0,22.0,3.45
383,9.0,23.0,3.2
384,9.0,24.0,3.75
385,9.0,25.0,3.75
386,9.0,26.0,3.25
387,9.0,27.0,3.0
388,9.0,28.0,3.5
389,9.0,29.0,3.25
390,9.0,30.0,2.5
391,9.0,31.0,3.0
392,9.0,32.0,4.3
393,9.0,33.0,2.1
394,9.0,34.0,2.7
395,9.0,35.0,2.65
396,9.0,36.0,3.35
397,9.0,37.0,3.35
398,9.0,38.0,2.65
399,9.0,39.0,3.5
400,9.0,40.0,3.7
401,9.0,41.0,2.6
402,10.0,0.0,4.5
403,10.0,1.0,3.5
404,10.0,2.0,4.0
405,10.0,3.0,3.0
406,10.0,4.0,3.0
407,10.0,5.0,2.5
408,10.0,6.0,2.9
409,10.0,7.0,2.5
410,10.0,8.0,4.5
411,10.0,9.0,4.0
412,10.0,10.0,3.5
413,10.0,11.0,3.0
414,10.0,12.0,4.5
415,10.0,13.0,2.5
416,10.0,14.0,2.5
417,10.0,15.0,4.0
418,10.0,17.0,4.0
419,10.0,18.0,2.9
420,10.0,19.0,3.5
421,10.0,20.0,3.15
422,10.0,21.0,3.4
423,10.0,22.0,4.0
424,10.0,23.0,3.45
425,10.0,24.0,3.8
426,10.0,25.0,3.3
427,10.0,26.0,3.15
428,10.0,27.0,3.65
429,10.0,28.0,3.15
430,10.0,29.0,3.25
431,10.0,30.0,3.5
432,10.0,31.0,3.15
433,10.0,32.0,4.2
434,10.0,33.0,4.0
435,10.0,34.0,2.6
436,10.0,35.0,3.75
437,10.0,36.0,3.1
438,10.0,37.0,3.6
439,10.0,38.0,3.45
440,10.0,39.0,3.9
441,10.0,40.0,3.85
442,10.0,41.0,3.7
443,11.0,0.0,3.5
444,11.0,1.0,3.0
445,11.0,2.0,3.5
446,11.0,3.0,3.5
447,11.0,4.0,3.0
448,11.0,6.0,2.5
449,11.0,7.0,3.0
450,11.0,8.0,4.0
451,11.0,9.0,3.5
452,11.0,10.0,3.0
453,11.0,11.0,3.0
454,11.0,12.0,4.5
455,11.0,13.0,3.0
456,11.0,14.0,3.5
457,11.0,15.0,3.9
458,11.0,17.0,4.15
459,11.0,18.0,3.0
460,11.0,19.0,3.5
461,11.0,20.0,3.8
462,11.0,21.0,3.4
463,11.0,22.0,3.2
464,11.0,23.0,3.45
465,11.0,24.0,3.2
466,11.0,25.0,3.9
467,11.0,26.0,3.5
468,11.0,27.0,2.75
469,11.0,28.0,3.0
470,11.0,29.0,2.9
471,11.0,30.0,2.5
472,11.0,31.0,3.0
473,11.0,32.0,3.7
474,11.0,33.0,3.5
475,11.0,34.0,2.7
476,11.0,35.0,3.1
477,11.0,36.0,3.0
478,11.0,37.0,3.35
479,11.0,38.0,2.8
480,11.0,39.0,3.5
481,11.0,40.0,3.7
482,11.0,41.0,3.7
483,12.0,0.0,3.5
484,12.0,1.0,3.5
485,12.0,2.0,4.0
486,12.0,3.0,3.0
487,12.0,4.0,3.5
488,12.0,6.0,2.55
489,12.0,7.0,2.55
490,12.0,8.0,3.5
491,12.0,9.0,3.5
492,12.0,10.0,3.5
493,12.0,11.0,3.0
494,12.0,12.0,4.5
495,12.0,13.0,3.0
496,12.0,14.0,3.0
497,12.0,15.0,3.65
498,12.0,17.0,4.15
499,12.0,18.0,3.0
500,12.0,19.0,3.0
501,12.0,20.0,3.15
502,12.0,21.0,3.4
503,12.0,22.0,3.5
504,12.0,23.0,3.45
505,12.0,24.0,3.4
506,12.0,25.0,3.55
507,12.0,26.0,3.4
508,12.0,27.0,3.0
509,12.0,28.0,3.65
510,12.0,29.0,2.75
511,12.0,30.0,3.3
512,12.0,31.0,3.0
513,12.0,32.0,4.2
514,12.0,33.0,3.5
515,12.0,34.0,3.45
516,12.0,35.0,2.9
517,12.0,36.0,3.7
518,12.0,37.0,3.5
519,12.0,38.0,2.95
520,12.0,39.0,3.4
521,12.0,40.0,4.1
522,12.0,41.0,3.2
523,13.0,0.0,4.5
524,13.0,1.0,3.5
525,13.0,2.0,5.0
526,13.0,3.0,3.5
527,13.0,4.0,4.0
528,13.0,5.0,4.0
529,13.0,6.0,5.0
530,13.0,7.0,3.5
531,13.0,8.0,4.5
532,13.0,9.0,4.0
533,13.0,10.0,3.0
534,13.0,11.0,3.5
535,13.0,12.0,4.5
536,13.0,13.0,3.5
537,13.0,14.0,3.5
538,13.0,15.0,3.75
539,13.0,17.0,3.65
540,13.0,18.0,4.25
541,13.0,19.0,4.5
542,13.0,20.0,3.25
543,13.0,21.0,3.4
544,13.0,22.0,3.55
545,13.0,23.0,3.3
546,13.0,24.0,3.8
547,13.0,25.0,3.95
548,13.0,26.0,4.0
549,13.0,27.0,4.25
550,13.0,28.0,3.75
551,13.0,29.0,3.5
552,13.0,30.0,2.65
553,13.0,31.0,4.0
554,13.0,32.0,4.3
555,13.0,33.0,4.0
556,13.0,34.0,3.2
557,13.0,35.0,3.85
558,13.0,36.0,3.15
559,13.0,37.0,3.5
560,13.0,38.0,2.7
561,13.0,39.0,3.05
562,13.0,40.0,4.0
563,13.0,41.0,2.85
564,14.0,0.0,4.0
565,14.0,1.0,3.0
566,14.0,2.0,3.5
567,14.0,3.0,3.5
568,14.0,4.0,3.5
569,14.0,5.0,3.0
570,14.0,6.0,2.5
571,14.0,7.0,2.5
572,14.0,8.0,4.5
573,14.0,9.0,3.5
574,14.0,10.0,3.5
575,14.0,11.0,3.0
576,14.0,12.0,4.0
577,14.0,13.0,3.0
578,14.0,14.0,2.5
579,14.0,15.0,3.75
580,14.0,17.0,4.0
581,14.0,18.0,3.0
582,14.0,19.0,3.5
583,14.0,20.0,3.15
584,14.0,21.0,3.4
585,14.0,22.0,3.4
586,14.0,23.0,3.2
587,14.0,24.0,3.7
588,14.0,25.0,3.95
589,14.0,26.0,3.8
590,14.0,27.0,4.0
591,14.0,28.0,3.5
592,14.0,29.0,3.25
593,14.0,30.0,3.15
594,14.0,31.0,3.0
595,14.0,32.0,4.2
596,14.0,33.0,2.65
597,14.0,34.0,3.2
598,14.0,35.0,3.0
599,14.0,36.0,3.15
600,14.0,37.0,3.6
601,14.0,38.0,2.65
602,14.0,39.0,3.55
603,14.0,40.0,3.95
604,14.0,41.0,2.7
605,15.0,0.0,2.5
606,15.0,1.0,3.0
607,15.0,2.0,3.5
608,15.0,3.0,3.0
609,15.0,4.0,2.5
610,15.0,5.0,2.5
611,15.0,6.0,2.5
612,15.0,7.0,3.8
613,15.0,8.0,4.0
614,15.0,9.0,2.65
615,15.0,10.0,1.0
616,15.0,13.0,3.0
617,15.0,14.0,3.15
618,15.0,15.0,3.4
619,15.0,17.0,3.15
620,15.0,20.0,3.8
621,15.0,23.0,3.15
622,15.0,24.0,3.75
623,15.0,25.0,2.65
624,15.0,26.0,2.55
625,15.0,27.0,3.65
626,15.0,29.0,3.5
627,15.0,30.0,2.5
628,15.0,32.0,0.15
629,15.0,33.0,3.5
630,15.0,34.0,1.75
631,15.0,35.0,3.5
632,15.0,36.0,3.7
633,15.0,37.0,3.45
634,15.0,38.0,2.5
635,15.0,39.0,4.1
636,15.0,40.0,2.7
637,15.0,41.0,2.85
638,16.0,0.0,3.0
639,16.0,1.0,2.5
640,16.0,2.0,3.0
641,16.0,3.0,3.0
642,16.0,4.0,2.0
643,16.0,5.0,1.5
644,16.0,6.0,2.5
645,16.0,7.0,1.5
646,16.0,8.0,4.0
647,16.0,9.0,3.5
648,16.0,10.0,2.5
649,16.0,11.0,2.0
650,16.0,12.0,3.5
651,16.0,14.0,3.0
652,16.0,15.0,3.9
653,16.0,17.0,3.4
654,16.0,18.0,2.75
655,16.0,19.0,3.0
656,16.0,20.0,2.5
657,16.0,21.0,3.0
658,16.0,22.0,1.8
659,16.0,23.0,2.7
660,16.0,24.0,3.2
661,16.0,25.0,3.15
662,16.0,26.0,2.5
663,16.0,27.0,2.25
664,16.0,28.0,2.25
665,16.0,32.0,0.45
666,16.0,33.0,2.1
667,16.0,34.0,2.05
668,16.0,35.0,1.4
669,16.0,36.0,2.3
670,16.0,37.0,0.85
671,16.0,38.0,1.15
672,16.0,40.0,2.1
673,17.0,0.0,3.5
674,17.0,1.0,4.0
675,17.0,2.0,4.0
676,17.0,3.0,3.5
677,17.0,4.0,4.0
678,17.0,5.0,3.0
679,17.0,6.0,3.0
680,17.0,7.0,2.5
681,17.0,8.0,4.0
682,17.0,9.0,4.0
683,17.0,10.0,3.5
684,17.0,11.0,3.0
685,17.0,12.0,4.5
686,17.0,13.0,3.0
687,17.0,14.0,3.0
688,17.0,15.0,3.4
689,17.0,17.0,3.25
690,17.0,18.0,2.9
691,17.0,19.0,3.0
692,17.0,20.0,2.75
693,17.0,21.0,3.4
694,17.0,22.0,3.95
695,17.0,23.0,3.55
696,17.0,24.0,4.0
697,17.0,25.0,3.4
698,17.0,26.0,3.2
699,17.0,27.0,3.75
700,17.0,28.0,3.25
701,17.0,29.0,3.15
702,17.0,30.0,2.5
703,17.0,31.0,2.65
704,17.0,32.0,3.35
705,17.0,33.0,3.5
706,17.0,34.0,3.35
707,17.0,35.0,2.95
708,17.0,36.0,2.8
709,17.0,37.0,3.4
710,17.0,38.0,2.7
711,17.0,39.0,3.75
712,17.0,40.0,3.15
713,17.0,41.0,2.65
714,18.0,0.0,4.0
715,18.0,1.0,3.5
716,18.0,2.0,4.5
717,18.0,3.0,3.5
718,18.0,4.0,3.5
719,18.0,6.0,3.0
720,18.0,7.0,2.75
721,18.0,8.0,4.0
722,18.0,9.0,4.0
723,18.0,10.0,3.0
724,18.0,11.0,2.5
725,18.0,12.0,4.5
726,18.0,13.0,3.5
727,18.0,14.0,3.5
728,18.0,15.0,3.5
729,18.0,17.0,3.65
730,18.0,18.0,2.75
731,18.0,19.0,3.0
732,18.0,20.0,3.0
733,18.0,21.0,3.0
734,18.0,22.0,3.55
735,18.0,23.0,3.15
736,18.0,24.0,3.9
737,18.0,25.0,3.95
738,18.0,26.0,3.7
739,18.0,27.0,3.9
740,18.0,28.0,2.75
741,18.0,29.0,2.65
742,18.0,30.0,3.0
743,18.0,31.0,3.0
744,18.0,32.0,3.7
745,18.0,33.0,4.0
746,18.0,34.0,3.2
747,18.0,35.0,2.9
748,18.0,36.0,2.8
749,18.0,37.0,4.2
750,18.0,38.0,2.85
751,18.0,39.0,3.5
752,18.0,40.0,3.65
753,18.0,41.0,2.5
754,19.0,0.0,3.0
755,19.0,1.0,3.5
756,19.0,2.0,4.0
757,19.0,3.0,3.5
758,19.0,4.0,3.5
759,19.0,5.0,2.5
760,19.0,6.0,2.5
761,19.0,7.0,2.7
762,19.0,8.0,3.5
763,19.0,9.0,3.5
764,19.0,10.0,3.0
765,19.0,11.0,3.0
766,19.0,12.0,4.0
767,19.0,13.0,2.5
768,19.0,14.0,3.0
769,19.0,15.0,3.65
770,19.0,17.0,3.9
771,19.0,18.0,3.0
772,19.0,19.0,3.25
773,19.0,20.0,3.15
774,19.0,21.0,3.75
775,19.0,22.0,2.45
776,19.0,23.0,2.95
777,19.0,24.0,3.45
778,19.0,25.0,3.7
779,19.0,26.0,3.55
780,19.0,27.0,2.9
781,19.0,28.0,2.15
782,19.0,29.0,3.5
783,19.0,30.0,2.75
784,19.0,31.0,3.0
785,19.0,32.0,3.7
786,19.0,33.0,2.8
787,19.0,34.0,3.1
788,19.0,35.0,2.25
789,19.0,36.0,3.35
790,19.0,37.0,0.55
791,19.0,38.0,2.95
792,19.0,39.0,3.75
793,19.0,40.0,3.05
794,19.0,41.0,3.65
795,20.0,0.0,3.5
796,20.0,1.0,3.0
797,20.0,2.0,4.0
798,20.0,3.0,4.5
799,20.0,4.0,3.5
800,20.0,6.0,3.0
801,20.0,7.0,3.0
802,20.0,8.0,4.5
803,20.0,9.0,4.0
804,20.0,10.0,3.5
805,20.0,11.0,3.5
806,20.0,12.0,4.5
807,20.0,13.0,3.5
808,20.0,14.0,3.5
809,20.0,15.0,3.75
810,20.0,17.0,3.9
811,20.0,18.0,2.9
812,20.0,19.0,3.75
813,20.0,20.0,2.65
814,20.0,21.0,3.4
815,20.0,22.0,4.05
816,20.0,23.0,3.3
817,20.0,24.0,4.05
818,20.0,25.0,3.5
819,20.0,26.0,3.5
820,20.0,27.0,3.75
821,20.0,28.0,3.15
822,20.0,29.0,3.15
823,20.0,30.0,2.8
824,20.0,31.0,2.65
825,20.0,32.0,3.35
826,20.0,33.0,3.5
827,20.0,34.0,3.3
828,20.0,35.0,3.3
829,20.0,36.0,3.85
830,20.0,37.0,4.35
831,20.0,38.0,2.95
832,20.0,39.0,3.75
833,20.0,40.0,3.5
834,20.0,41.0,2.5
835,21.0,0.0,3.0
836,21.0,1.0,3.5
837,21.0,2.0,3.5
838,21.0,3.0,3.5
839,21.0,4.0,3.65
840,21.0,6.0,4.15
841,21.0,7.0,3.05
842,21.0,8.0,3.5
843,21.0,9.0,4.0
844,21.0,10.0,3.0
845,21.0,11.0,3.5
846,21.0,12.0,4.0
847,21.0,13.0,3.0
848,21.0,14.0,3.0
849,21.0,15.0,3.25
850,21.0,17.0,3.65
851,21.0,18.0,2.75
852,21.0,19.0,3.0
853,21.0,20.0,3.25
854,21.0,21.0,3.0
855,21.0,22.0,3.05
856,21.0,23.0,3.55
857,21.0,24.0,3.7
858,21.0,25.0,3.9
859,21.0,26.0,3.65
860,21.0,27.0,3.75
861,21.0,29.0,3.65
862,21.0,30.0,2.6
863,21.0,31.0,3.5
864,21.0,32.0,3.7
865,21.0,33.0,3.65
866,21.0,34.0,2.95
867,21.0,35.0,3.1
868,21.0,36.0,3.8
869,21.0,37.0,3.0
870,21.0,38.0,3.15
871,21.0,39.0,3.5
872,21.0,40.0,3.1
873,21.0,41.0,2.55
874,22.0,0.0,3.0
875,22.0,1.0,3.0
876,22.0,2.0,3.5
877,22.0,3.0,4.0
878,22.0,4.0,4.0
879,22.0,6.0,4.0
880,22.0,7.0,3.0
881,22.0,8.0,4.0
882,22.0,9.0,4.0
883,22.0,10.0,3.5
884,22.0,11.0,3.5
885,22.0,12.0,4.5
886,22.0,13.0,3.0
887,22.0,14.0,3.5
888,22.0,15.0,3.9
889,22.0,17.0,3.5
890,22.0,18.0,2.75
891,22.0,19.0,3.25
892,22.0,20.0,2.5
893,22.0,21.0,3.4
894,22.0,22.0,3.95
895,22.0,23.0,3.65
896,22.0,24.0,4.0
897,22.0,25.0,3.95
898,22.0,26.0,3.0
899,22.0,27.0,3.75
900,22.0,28.0,4.15
901,22.0,29.0,3.25
902,22.0,30.0,2.5
903,22.0,31.0,3.15
904,22.0,32.0,3.95
905,22.0,33.0,2.65
906,22.0,34.0,3.35
907,22.0,35.0,3.05
908,22.0,36.0,3.6
909,22.0,37.0,3.15
910,22.0,38.0,3.2
911,22.0,39.0,4.5
912,22.0,40.0,3.35
913,22.0,41.0,3.8
914,23.0,0.0,3.5
915,23.0,1.0,3.5
916,23.0,2.0,4.5
917,23.0,3.0,3.5
918,23.0,4.0,3.5
919,23.0,5.0,3.5
920,23.0,6.0,3.0
921,23.0,7.0,2.5
922,23.0,8.0,4.5
923,23.0,9.0,3.5
924,23.0,10.0,3.0
925,23.0,11.0,3.5
926,23.0,12.0,4.5
927,23.0,13.0,3.0
928,23.0,14.0,3.5
929,23.0,15.0,3.25
930,23.0,17.0,4.5
931,23.0,18.0,3.0
932,23.0,19.0,3.4
933,23.0,20.0,2.75
934,23.0,21.0,2.75
935,23.0,22.0,3.9
936,23.0,23.0,3.05
937,23.0,24.0,3.8
938,23.0,25.0,4.4
939,23.0,26.0,3.45
940,23.0,27.0,2.5
941,23.0,28.0,2.9
942,23.0,29.0,3.25
943,23.0,30.0,3.0
944,23.0,31.0,2.8
945,23.0,32.0,3.15
946,23.0,33.0,2.65
947,23.0,34.0,3.2
948,23.0,35.0,2.95
949,23.0,36.0,2.75
950,23.0,37.0,4.35
951,23.0,38.0,3.65
952,23.0,39.0,3.5
953,23.0,40.0,3.05
954,23.0,41.0,2.95
955,24.0,0.0,4.5
956,24.0,1.0,3.0
957,24.0,2.0,4.5
958,24.0,3.0,3.5
959,24.0,4.0,3.0
960,24.0,5.0,4.0
961,24.0,6.0,4.0
962,24.0,7.0,3.0
963,24.0,8.0,4.0
964,24.0,9.0,4.0
965,24.0,10.0,3.5
966,24.0,11.0,3.0
967,24.0,12.0,5.0
968,24.0,13.0,3.5
969,24.0,14.0,3.0
970,24.0,15.0,4.25
971,24.0,17.0,3.75
972,24.0,18.0,4.0
973,24.0,19.0,3.75
974,24.0,20.0,4.0
975,24.0,21.0,3.0
976,24.0,22.0,3.9
977,24.0,23.0,3.7
978,24.0,24.0,3.45
979,24.0,25.0,4.75
980,24.0,26.0,4.0
981,24.0,27.0,4.15
982,24.0,28.0,4.9
983,24.0,29.0,3.5
984,24.0,30.0,3.6
985,24.0,31.0,4.0
986,24.0,32.0,4.65
987,24.0,33.0,2.45
988,24.0,34.0,3.65
989,24.0,35.0,4.25
990,24.0,36.0,3.1
991,24.0,37.0,3.65
992,24.0,38.0,5.0
993,24.0,39.0,4.35
994,24.0,40.0,3.4
995,24.0,41.0,3.35
996,25.0,0.0,4.5
997,25.0,1.0,3.5
998,25.0,2.0,3.5
999,25.0,3.0,3.5
1000,25.0,4.0,3.0
1001,25.0,5.0,2.5
1002,25.0,6.0,1.5
1003,25.0,7.0,2.5
1004,25.0,8.0,4.0
1005,25.0,9.0,3.5
1006,25.0,10.0,3.5
1007,25.0,11.0,3.0
1008,25.0,12.0,4.0
1009,25.0,13.0,2.5
1010,25.0,14.0,2.5
1011,25.0,15.0,3.5
1012,25.0,17.0,4.4
1013,25.0,18.0,2.75
1014,25.0,19.0,3.0
1015,25.0,20.0,2.5
1016,25.0,21.0,3.4
1017,25.0,22.0,2.45
1018,25.0,23.0,2.9
1019,25.0,24.0,3.15
1020,25.0,25.0,2.55
1021,25.0,26.0,3.3
1022,25.0,27.0,2.4
1023,25.0,28.0,2.65
1024,25.0,29.0,2.0
1025,25.0,30.0,2.45
1026,25.0,31.0,2.65
1027,25.0,32.0,3.85
1028,25.0,33.0,2.45
1029,25.0,34.0,2.7
1030,25.0,35.0,2.5
1031,25.0,36.0,3.7
1032,25.0,37.0,0.55
1033,25.0,38.0,0.7
1034,25.0,40.0,3.25
1035,25.0,41.0,1.6
1036,26.0,0.0,3.5
1037,26.0,1.0,3.0
1038,26.0,2.0,4.0
1039,26.0,3.0,3.0
1040,26.0,4.0,4.5
1041,26.0,5.0,3.5
1042,26.0,6.0,3.0
1043,26.0,7.0,3.0
1044,26.0,8.0,4.0
1045,26.0,9.0,4.0
1046,26.0,10.0,3.5
1047,26.0,11.0,3.5
1048,26.0,12.0,4.5
1049,26.0,13.0,3.5
1050,26.0,14.0,3.0
1051,26.0,15.0,3.4
1052,26.0,17.0,3.5
1053,26.0,18.0,3.5
1054,26.0,19.0,3.5
1055,26.0,20.0,3.0
1056,26.0,21.0,3.0
1057,26.0,22.0,3.8
1058,26.0,23.0,3.65
1059,26.0,24.0,3.65
1060,26.0,25.0,4.0
1061,26.0,26.0,3.15
1062,26.0,27.0,3.15
1063,26.0,28.0,3.15
1064,26.0,29.0,3.25
1065,26.0,30.0,3.15
1066,26.0,31.0,2.65
1067,26.0,32.0,3.35
1068,26.0,33.0,3.5
1069,26.0,34.0,3.55
1070,26.0,35.0,2.9
1071,26.0,36.0,3.35
1072,26.0,37.0,3.65
1073,26.0,38.0,3.5
1074,26.0,39.0,4.1
1075,26.0,40.0,3.25
1076,26.0,41.0,4.6
1077,27.0,0.0,3.0
1078,27.0,1.0,3.0
1079,27.0,2.0,3.0
1080,27.0,3.0,2.5
1081,27.0,4.0,3.0
1082,27.0,5.0,1.5
1083,27.0,6.0,2.0
1084,27.0,7.0,2.5
1085,27.0,8.0,2.5
1086,27.0,9.0,3.5
1087,27.0,10.0,2.5
1088,27.0,11.0,2.5
1089,27.0,12.0,4.0
1090,27.0,13.0,2.0
1091,27.0,14.0,2.5
1092,27.0,15.0,2.75
1093,27.0,17.0,3.0
1094,27.0,18.0,3.0
1095,27.0,19.0,3.0
1096,27.0,20.0,3.6
1097,27.0,21.0,3.5
1098,27.0,22.0,2.7
1099,27.0,23.0,2.65
1100,27.0,24.0,3.25
1101,27.0,25.0,1.0
1102,27.0,26.0,3.3
1103,27.0,27.0,3.0
1104,27.0,29.0,3.65
1105,27.0,30.0,2.5
1106,27.0,31.0,2.65
1107,27.0,32.0,3.7
1108,27.0,33.0,3.5
1109,27.0,34.0,0.6
1110,27.0,35.0,3.5
1111,27.0,36.0,2.9
1112,27.0,37.0,2.95
1113,27.0,38.0,2.6
1114,27.0,39.0,3.05
1115,27.0,40.0,2.65
1116,27.0,41.0,2.35
1117,28.0,0.0,3.5
1118,28.0,1.0,3.5
1119,28.0,2.0,4.0
1120,28.0,3.0,4.0
1121,28.0,4.0,3.0
1122,28.0,5.0,2.5
1123,28.0,6.0,2.5
1124,28.0,7.0,2.5
1125,28.0,8.0,4.0
1126,28.0,9.0,4.0
1127,28.0,10.0,3.5
1128,28.0,11.0,3.0
1129,28.0,12.0,4.0
1130,28.0,13.0,3.0
1131,28.0,14.0,3.0
1132,28.0,15.0,3.4
1133,28.0,17.0,3.5
1134,28.0,18.0,2.9
1135,28.0,19.0,3.65
1136,28.0,20.0,2.75
1137,28.0,21.0,3.4
1138,28.0,22.0,3.65
1139,28.0,23.0,3.55
1140,28.0,24.0,4.0
1141,28.0,25.0,3.45
1142,28.0,26.0,3.05
1143,28.0,27.0,3.5
1144,28.0,28.0,3.15
1145,28.0,29.0,2.65
1146,28.0,30.0,2.5
1147,28.0,31.0,2.65
1148,28.0,32.0,3.15
1149,28.0,33.0,3.5
1150,28.0,34.0,2.5
1151,28.0,35.0,2.9
1152,28.0,36.0,3.1
1153,28.0,37.0,4.3
1154,28.0,38.0,2.55
1155,28.0,39.0,3.05
1156,28.0,40.0,3.25
1157,28.0,41.0,3.3
1158,29.0,0.0,3.5
1159,29.0,1.0,3.0
1160,29.0,2.0,4.0
1161,29.0,3.0,3.5
1162,29.0,4.0,3.0
1163,29.0,6.0,2.5
1164,29.0,7.0,3.0
1165,29.0,8.0,3.5
1166,29.0,9.0,4.0
1167,29.0,10.0,3.0
1168,29.0,11.0,3.0
1169,29.0,12.0,3.5
1170,29.0,13.0,2.5
1171,29.0,14.0,3.0
1172,29.0,15.0,3.15
1173,29.0,17.0,3.5
1174,29.0,18.0,2.75
1175,29.0,19.0,3.25
1176,29.0,20.0,3.0
1177,29.0,21.0,3.75
1178,29.0,22.0,3.3
1179,29.0,23.0,3.1
1180,29.0,24.0,3.65
1181,29.0,25.0,3.75
1182,29.0,26.0,2.5
1183,29.0,27.0,3.75
1184,29.0,28.0,2.5
1185,29.0,29.0,3.5
1186,29.0,30.0,2.75
1187,29.0,31.0,3.0
1188,29.0,32.0,3.7
1189,29.0,33.0,2.65
1190,29.0,34.0,2.6
1191,29.0,35.0,2.7
1192,29.0,36.0,2.8
1193,29.0,37.0,3.2
1194,29.0,38.0,2.6
1195,29.0,39.0,3.05
1196,29.0,40.0,3.25
1197,29.0,41.0,3.3
1198,30.0,0.0,3.5
1199,30.0,1.0,3.0
1200,30.0,2.0,4.0
1201,30.0,3.0,3.5
1202,30.0,4.0,4.0
1203,30.0,5.0,3.0
1204,30.0,6.0,2.5
1205,30.0,7.0,2.55
1206,30.0,8.0,3.0
1207,30.0,9.0,3.5
1208,30.0,10.0,3.5
1209,30.0,11.0,3.0
1210,30.0,12.0,3.5
1211,30.0,13.0,3.0
1212,30.0,14.0,2.5
1213,30.0,15.0,3.5
1214,30.0,17.0,3.65
1215,30.0,18.0,3.25
1216,30.0,19.0,3.65
1217,30.0,20.0,2.65
1218,30.0,21.0,3.75
1219,30.0,22.0,3.55
1220,30.0,23.0,2.75
1221,30.0,24.0,4.25
1222,30.0,25.0,3.55
1223,30.0,26.0,2.7
1224,30.0,27.0,3.4
1225,30.0,28.0,3.4
1226,30.0,29.0,3.15
1227,30.0,30.0,3.1
1228,30.0,31.0,2.65
1229,30.0,32.0,3.35
1230,30.0,33.0,3.5
1231,30.0,34.0,2.85
1232,30.0,35.0,2.9
1233,30.0,36.0,3.1
1234,30.0,37.0,3.75
1235,30.0,38.0,2.6
1236,30.0,39.0,4.1
1237,30.0,40.0,3.2
1238,30.0,41.0,2.55
1239,31.0,0.0,3.0
1240,31.0,1.0,3.5
1241,31.0,2.0,3.5
1242,31.0,3.0,3.5
1243,31.0,4.0,3.0
1244,31.0,6.0,2.9
1245,31.0,7.0,2.5
1246,31.0,8.0,3.5
1247,31.0,9.0,4.0
1248,31.0,10.0,3.5
1249,31.0,11.0,4.0
1250,31.0,12.0,4.0
1251,31.0,13.0,3.0
1252,31.0,14.0,3.0
1253,31.0,15.0,3.5
1254,31.0,17.0,3.9
1255,31.0,18.0,2.75
1256,31.0,19.0,3.4
1257,31.0,20.0,2.75
1258,31.0,21.0,3.75
1259,31.0,22.0,3.65
1260,31.0,23.0,3.0
1261,31.0,24.0,3.75
1262,31.0,25.0,3.9
1263,31.0,26.0,2.95
1264,31.0,27.0,2.9
1265,31.0,28.0,2.5
1266,31.0,29.0,2.75
1267,31.0,30.0,2.95
1268,31.0,31.0,2.65
1269,31.0,32.0,3.0
1270,31.0,33.0,3.5
1271,31.0,34.0,2.55
1272,31.0,35.0,2.75
1273,31.0,36.0,2.8
1274,31.0,37.0,3.25
1275,31.0,38.0,2.65
1276,31.0,39.0,3.05
1277,31.0,40.0,3.5
1278,31.0,41.0,2.55
